{"cameraMode":{"drawMode":0,"name":"Shaded","section":"Shading Mode"},"sceneLighting":false,"audioPlay":false,"sceneViewState":{"showFog":true,"showMaterialUpdate":false,"showSkybox":true,"showFlares":true,"showImageEffects":true,"showParticleSystems":true},"in2DMode":false,"pivot":{"x":0.0,"y":0.01231359876692295,"z":0.0020641107112169267},"rotation":{"x":-0.00016454633441753685,"y":0.8508480191230774,"z":-0.0002644655469339341,"w":-0.52541184425354},"size":0.13378103077411652,"orthographic":false}