{"cameraMode":{"drawMode":0,"name":"Shaded","section":"Shading Mode"},"sceneLighting":false,"audioPlay":false,"sceneViewState":{"showFog":true,"showMaterialUpdate":false,"showSkybox":true,"showFlares":true,"showImageEffects":true,"showParticleSystems":true},"in2DMode":false,"pivot":{"x":0.21445953845977784,"y":4.189316749572754,"z":8.651522636413575},"rotation":{"x":0.1472768783569336,"y":0.7629765868186951,"z":-0.1869673877954483,"w":0.6010153889656067},"size":12.80146312713623,"orthographic":false}