{"cameraMode":{"drawMode":0,"name":"Shaded","section":"Shading Mode"},"sceneLighting":false,"audioPlay":false,"sceneViewState":{"showFog":true,"showMaterialUpdate":false,"showSkybox":true,"showFlares":true,"showImageEffects":true,"showParticleSystems":true},"in2DMode":false,"pivot":{"x":-1.8587658405303956,"y":6.458549499511719,"z":7.28741979598999},"rotation":{"x":0.21917250752449037,"y":0.7790799736976624,"z":-0.44381260871887209,"w":0.38474443554878237},"size":12.765690803527832,"orthographic":false}