{"cameraMode":{"drawMode":0,"name":"Shaded","section":"Shading Mode"},"sceneLighting":false,"audioPlay":false,"sceneViewState":{"showFog":true,"showMaterialUpdate":false,"showSkybox":true,"showFlares":true,"showImageEffects":true,"showParticleSystems":true},"in2DMode":false,"pivot":{"x":263.0638427734375,"y":-741.4462280273438,"z":-1714.1337890625},"rotation":{"x":-0.014969921670854092,"y":-0.9767947793006897,"z":0.20086748898029328,"w":-0.07280227541923523},"size":1912.0594482421875,"orthographic":false}