{"cameraMode":{"drawMode":0,"name":"Shaded","section":"Shading Mode"},"sceneLighting":false,"audioPlay":false,"sceneViewState":{"showFog":true,"showMaterialUpdate":false,"showSkybox":true,"showFlares":true,"showImageEffects":true,"showParticleSystems":true},"in2DMode":false,"pivot":{"x":0.8191590309143066,"y":2.339404582977295,"z":1.634334683418274},"rotation":{"x":0.17004695534706117,"y":0.7056167721748352,"z":-0.18078622221946717,"w":0.6637057662010193},"size":5.136046886444092,"orthographic":false}