{"cameraMode":{"drawMode":0,"name":"Shaded","section":"Shading Mode"},"sceneLighting":false,"audioPlay":false,"sceneViewState":{"showFog":true,"showMaterialUpdate":false,"showSkybox":true,"showFlares":true,"showImageEffects":true,"showParticleSystems":true},"in2DMode":false,"pivot":{"x":-4.960000038146973,"y":0.8400001525878906,"z":14.619999885559082},"rotation":{"x":0.10589833557605744,"y":0.894036054611206,"z":-0.30205145478248598,"w":0.3134487569332123},"size":57.15768051147461,"orthographic":false}