{"cameraMode":{"drawMode":0,"name":"Shaded","section":"Shading Mode"},"sceneLighting":true,"audioPlay":false,"sceneViewState":{"showFog":true,"showMaterialUpdate":false,"showSkybox":true,"showFlares":true,"showImageEffects":true,"showParticleSystems":true},"in2DMode":false,"pivot":{"x":-29.79621696472168,"y":7.128884792327881,"z":18.90910530090332},"rotation":{"x":-0.1491473913192749,"y":-0.6890111565589905,"z":0.14816395938396455,"w":-0.6935893297195435},"size":16.027677536010743,"orthographic":false}