{"cameraMode":{"drawMode":0,"name":"Shaded","section":"Shading Mode"},"sceneLighting":false,"audioPlay":false,"sceneViewState":{"showFog":true,"showMaterialUpdate":false,"showSkybox":true,"showFlares":true,"showImageEffects":true,"showParticleSystems":true},"in2DMode":false,"pivot":{"x":6.819641590118408,"y":4.9923577308654789,"z":3.207359790802002},"rotation":{"x":-0.00008429398440057412,"y":0.998931348323822,"z":-0.0018093379912897945,"w":-0.046183522790670398},"size":6.8261823654174809,"orthographic":false}