{"cameraMode":{"drawMode":0,"name":"Shaded","section":"Shading Mode"},"sceneLighting":false,"audioPlay":false,"sceneViewState":{"showFog":true,"showMaterialUpdate":false,"showSkybox":true,"showFlares":true,"showImageEffects":true,"showParticleSystems":true},"in2DMode":false,"pivot":{"x":0.6706293225288391,"y":3.821246862411499,"z":3.4297027587890627},"rotation":{"x":-0.005556924734264612,"y":-0.989454448223114,"z":0.13924534618854524,"w":-0.03949376940727234},"size":10.652520179748536,"orthographic":false}